[
    {"code":"af","name":"Afrikaans","nativeName":"Afrikaans"},
    {"code":"ar","name":"Arabic","nativeName":"العربية"},
    {"code":"be","name":"Belarusian","nativeName":"Беларуская"},
    {"code":"cs","name":"Czech","nativeName":"česky, čeština"},
    {"code":"da","name":"Danish","nativeName":"dansk"},
    {"code":"de","name":"German","nativeName":"Deutsch"},
    {"code":"el","name":"Greek, Modern","nativeName":"Ελληνικά"},
    {"code":"en","name":"English","nativeName":"English"},
    {"code":"es","name":"Spanish; Castilian","nativeName":"español, castellano"},
    {"code":"fr","name":"French","nativeName":"français, langue française"},
    {"code":"hi","name":"Hindi","nativeName":"हिन्दी, हिंदी"},
    {"code":"hy","name":"Armenian","nativeName":"Հայերեն"},
    {"code":"it","name":"Italian","nativeName":"Italiano"},
    {"code":"ja","name":"Japanese","nativeName":"日本語 (にほんご／にっぽんご)"},
    {"code":"ko","name":"Korean","nativeName":"한국어"},
    {"code":"nl","name":"Dutch","nativeName":"Nederlands, Vlaams"},
    {"code":"pl","name":"Polish","nativeName":"polski"},
    {"code":"pt","name":"Portuguese","nativeName":"Português"},
    {"code":"ro","name":"Romanian, Moldavian, Moldovan","nativeName":"română"},
    {"code":"ru","name":"Russian","nativeName":"русский язык"},
    {"code":"sl","name":"Slovene","nativeName":"slovenščina"},
    {"code":"sq","name":"Albanian","nativeName":"Shqip"},
    {"code":"th","name":"Thai","nativeName":"ไทย"},
    {"code":"zh","name":"Chinese","nativeName":"中文 (Zhōngwén), 汉语, 漢語"},
  ]